{
    "accuracy": 0.9985,
    "precision": 0.9990089197224975,
    "recall": 0.998019801980198,
    "f1": 0.9985141158989599,
    "roc_auc": 0.9987368736873687
}