{
    "Logistic Regression": {
        "accuracy": 0.497,
        "precision": 0.5019569471624267,
        "recall": 0.5079207920792079,
        "f1": 0.5049212598425197,
        "roc_auc": 0.4914851485148515
    },
    "Random Forest": {
        "accuracy": 0.9985,
        "precision": 1.0,
        "recall": 0.997029702970297,
        "f1": 0.9985126425384234,
        "roc_auc": 0.9988313831383138
    },
    "Gradient Boosting": {
        "accuracy": 0.9985,
        "precision": 0.9990089197224975,
        "recall": 0.998019801980198,
        "f1": 0.9985141158989599,
        "roc_auc": 0.9985558555855585
    },
    "KNN": {
        "accuracy": 0.5545,
        "precision": 0.5683122847301951,
        "recall": 0.4900990099009901,
        "f1": 0.5263157894736842,
        "roc_auc": 0.5662266226622663
    },
    "SVC": {
        "accuracy": 0.5965,
        "precision": 0.6119073869900772,
        "recall": 0.5495049504950495,
        "f1": 0.5790297339593115,
        "roc_auc": 0.643131313131313
    }
}